<?xml version="1.0" encoding="UTF-8"?>
<questestinterop xmlns="http://www.imsglobal.org/xsd/ims_qtiasiv1p2" xmlns:xsi="http://www.w3.org/2001/XMLSchema-instance" xsi:schemaLocation="http://www.imsglobal.org/xsd/ims_qtiasiv1p2 http://www.imsglobal.org/xsd/ims_qtiasiv1p2p1.xsd">
  <assessment ident="i1bb5ae11fe08d09d57ba65738c3d70b3" title="Assessment QTI Export Research 2">
    <qtimetadata>
      <qtimetadatafield>
        <fieldlabel>cc_maxattempts</fieldlabel>
        <fieldentry>1</fieldentry>
      </qtimetadatafield>
    </qtimetadata>
    <section ident="root_section">
      <item ident="i23431d38d008f3928afc3104a28c343f" title="Question">
        <itemmetadata>
          <qtimetadata>
            <qtimetadatafield>
              <fieldlabel>question_type</fieldlabel>
              <fieldentry>multiple_choice_question</fieldentry>
            </qtimetadatafield>
            <qtimetadatafield>
              <fieldlabel>points_possible</fieldlabel>
              <fieldentry>1.0</fieldentry>
            </qtimetadatafield>
            <qtimetadatafield>
              <fieldlabel>assessment_question_identifierref</fieldlabel>
              <fieldentry>i5e24ec0edd141cfbd761ef3ac47671ef</fieldentry>
            </qtimetadatafield>
          </qtimetadata>
        </itemmetadata>
        <presentation>
          <material>
            <mattext texttype="text/html">&lt;div&gt;
&lt;p&gt;This has a Canvas link and a Canvas image and a Canvas file and a Kaltura video in it.&lt;/p&gt;
&lt;p&gt; Trying to upload audio again:&lt;/p&gt;
&lt;p&gt;&lt;a id="media_comment_m-3kQ5kPenQih6XU3upNXUiibaAanDWhSo" class="instructure_inline_media_comment audio_comment" href="%24IMS-CC-FILEBASE%24/media_objects/m-3kQ5kPenQih6XU3upNXUiibaAanDWhSo.mp3"&gt;this is a media comment&lt;/a&gt;&lt;/p&gt;
&lt;p&gt;Direct capture:&lt;/p&gt;
&lt;p&gt;&lt;a id="media_comment_m-43HeL7fvcHCtL3EUu5JF9cxEGkjWyziF" class="instructure_inline_media_comment video_comment" href="%24IMS-CC-FILEBASE%24/media_objects/m-43HeL7fvcHCtL3EUu5JF9cxEGkjWyziF.flv"&gt;this is a media comment&lt;/a&gt;&lt;/p&gt;
&lt;p&gt;uploaded video:&lt;/p&gt;
&lt;p&gt;&lt;a id="media_comment_m-4pxGD2k7Pe1QMQtac4EPWfetMFkDVZu3" class="instructure_inline_media_comment video_comment" href="%24IMS-CC-FILEBASE%24/media_objects/m-4pxGD2k7Pe1QMQtac4EPWfetMFkDVZu3.mp4"&gt;this is a media comment&lt;/a&gt;&lt;/p&gt;
&lt;p&gt; &lt;/p&gt;
&lt;p&gt; &lt;/p&gt;
&lt;p&gt; &lt;/p&gt;
&lt;p&gt;&lt;a id="" class="" title="A111 iFrame Test" href="%24WIKI_REFERENCE%24/pages/a111-iframe-test" target=""&gt;Canvas page link &lt;/a&gt;&lt;/p&gt;
&lt;p&gt;&lt;a id="" class="" title="Test Assignment" href="%24CANVAS_OBJECT_REFERENCE%24/assignments/id1f5d7366e5c72dde888e142b516bc3c"&gt;Test Assignment&lt;/a&gt;&lt;/p&gt;
&lt;p&gt;&lt;a id="" class="" title="Quiz List" href="%24CANVAS_COURSE_REFERENCE%24/quizzes"&gt;Quiz List&lt;/a&gt;&lt;/p&gt;
&lt;p&gt;&lt;a id="" class="" title="Announcements List" href="%24CANVAS_COURSE_REFERENCE%24/announcements"&gt;Announcements List&lt;/a&gt;&lt;/p&gt;
&lt;p&gt;&lt;a id="" class="" title="Discussion Index" href="%24CANVAS_COURSE_REFERENCE%24/discussion_topics"&gt;Discussion Index&lt;/a&gt;&lt;/p&gt;
&lt;p&gt;&lt;a id="" class="" title="Modules List" href="%24CANVAS_COURSE_REFERENCE%24/modules"&gt;Modules List&lt;/a&gt;&lt;/p&gt;
&lt;p&gt;&lt;a id="" class="" title="Collaborations" href="%24CANVAS_COURSE_REFERENCE%24/collaborations"&gt;Collaborations&lt;/a&gt;&lt;/p&gt;
&lt;p&gt;&lt;img src="%24IMS-CC-FILEBASE%24/Desert.jpg" alt="Desert.jpg"&gt;&lt;/p&gt;
&lt;p&gt;&lt;a id="" class=" instructure_image_thumbnail instructure_file_link" title="Desert.jpg" href="%24IMS-CC-FILEBASE%24/Desert.jpg?canvas_download=1&amp;amp;canvas_qs_wrap=1"&gt;Desert.jpg&lt;/a&gt;&lt;/p&gt;
&lt;p&gt;&lt;iframe style="width: 400px; height: 285px;" title="howto test (00:30)" src="%24CANVAS_COURSE_REFERENCE%24/external_tools/retrieve?borderless=1&amp;amp;url=https://1751071.kaf.kaltura.com/browseandembed/index/media/entryid/1_vyxye7is/showDescription/false/showTitle/false/showTags/false/showDuration/false/showOwner/false/showUploadDate/false/playerSize/400x285/playerSkin/26683571/" width="300" height="150" allowfullscreen="allowfullscreen" webkitallowfullscreen="webkitallowfullscreen" mozallowfullscreen="mozallowfullscreen"&gt;&lt;/iframe&gt;&lt;/p&gt;
&lt;p&gt;There's also correct/incorrect feedback. But anyway, the answer is B.&lt;/p&gt;
&lt;/div&gt;</mattext>
          </material>
          <response_lid ident="response1" rcardinality="Single">
            <render_choice>
              <response_label ident="6090">
                <material>
                  <mattext texttype="text/plain">A</mattext>
                </material>
              </response_label>
              <response_label ident="4270">
                <material>
                  <mattext texttype="text/plain">B</mattext>
                </material>
              </response_label>
              <response_label ident="8333">
                <material>
                  <mattext texttype="text/plain">C</mattext>
                </material>
              </response_label>
              <response_label ident="7995">
                <material>
                  <mattext texttype="text/plain">D</mattext>
                </material>
              </response_label>
            </render_choice>
          </response_lid>
        </presentation>
        <resprocessing>
          <outcomes>
            <decvar maxvalue="100" minvalue="0" varname="SCORE" vartype="Decimal"/>
          </outcomes>
          <respcondition continue="Yes">
            <conditionvar>
              <varequal respident="response1">4270</varequal>
            </conditionvar>
            <displayfeedback feedbacktype="Response" linkrefid="4270_fb"/>
          </respcondition>
          <respcondition continue="Yes">
            <conditionvar>
              <varequal respident="response1">8333</varequal>
            </conditionvar>
            <displayfeedback feedbacktype="Response" linkrefid="8333_fb"/>
          </respcondition>
          <respcondition continue="No">
            <conditionvar>
              <varequal respident="response1">4270</varequal>
            </conditionvar>
            <setvar action="Set" varname="SCORE">100</setvar>
            <displayfeedback feedbacktype="Response" linkrefid="correct_fb"/>
          </respcondition>
          <respcondition continue="Yes">
            <conditionvar>
              <other/>
            </conditionvar>
            <displayfeedback feedbacktype="Response" linkrefid="general_incorrect_fb"/>
          </respcondition>
        </resprocessing>
        <itemfeedback ident="correct_fb">
          <flow_mat>
            <material>
              <mattext texttype="text/html">&lt;p&gt;This is correct feedback.&lt;/p&gt;</mattext>
            </material>
          </flow_mat>
        </itemfeedback>
        <itemfeedback ident="general_incorrect_fb">
          <flow_mat>
            <material>
              <mattext texttype="text/html">&lt;p&gt;This is terrible. You chose the wrong answer.&lt;/p&gt;</mattext>
            </material>
          </flow_mat>
        </itemfeedback>
        <itemfeedback ident="4270_fb">
          <flow_mat>
            <material>
              <mattext texttype="text/html">&lt;p&gt;Great job, this is correct.&lt;/p&gt;</mattext>
            </material>
          </flow_mat>
        </itemfeedback>
        <itemfeedback ident="8333_fb">
          <flow_mat>
            <material>
              <mattext texttype="text/html">&lt;p&gt;Oh no, this is terrible. You are such an idiot. I can't believe you chose C, of all things.&lt;/p&gt;</mattext>
            </material>
          </flow_mat>
        </itemfeedback>
      </item>
    </section>
  </assessment>
</questestinterop>
