<?xml version="1.0" encoding="UTF-8"?>
<questestinterop xmlns="http://www.imsglobal.org/xsd/ims_qtiasiv1p2" xmlns:xsi="http://www.w3.org/2001/XMLSchema-instance" xsi:schemaLocation="http://www.imsglobal.org/xsd/ims_qtiasiv1p2 http://www.imsglobal.org/xsd/ims_qtiasiv1p2p1.xsd">
  <assessment ident="i7b85398035db09f5b431a8082d57e2bd" title="Assessment QTI Export Research">
    <qtimetadata>
      <qtimetadatafield>
        <fieldlabel>cc_maxattempts</fieldlabel>
        <fieldentry>unlimited</fieldentry>
      </qtimetadatafield>
    </qtimetadata>
    <section ident="root_section">
      <item ident="i5592dc413f36c1f8f744823851cad601" title="Multiple Choice Question">
        <itemmetadata>
          <qtimetadata>
            <qtimetadatafield>
              <fieldlabel>question_type</fieldlabel>
              <fieldentry>multiple_choice_question</fieldentry>
            </qtimetadatafield>
            <qtimetadatafield>
              <fieldlabel>points_possible</fieldlabel>
              <fieldentry>1.0</fieldentry>
            </qtimetadatafield>
            <qtimetadatafield>
              <fieldlabel>assessment_question_identifierref</fieldlabel>
              <fieldentry>ic3bf3f532b79d3f079018a2f2548a6df</fieldentry>
            </qtimetadatafield>
          </qtimetadata>
        </itemmetadata>
        <presentation>
          <material>
            <mattext texttype="text/html">&lt;div&gt;&lt;p&gt;Answer is A. Here is an image: &lt;img src="http://kids.nationalgeographic.com/content/dam/kids/photos/animals/Mammals/H-P/hedgehog-closeup.jpg" alt="picture of a hedgehog" width="300" height="169"&gt;&lt;/p&gt;&lt;/div&gt;</mattext>
          </material>
          <response_lid ident="response1" rcardinality="Single">
            <render_choice>
              <response_label ident="8838">
                <material>
                  <mattext texttype="text/plain">A</mattext>
                </material>
              </response_label>
              <response_label ident="4500">
                <material>
                  <mattext texttype="text/plain">B</mattext>
                </material>
              </response_label>
              <response_label ident="9268">
                <material>
                  <mattext texttype="text/plain">C</mattext>
                </material>
              </response_label>
              <response_label ident="7129">
                <material>
                  <mattext texttype="text/plain">D</mattext>
                </material>
              </response_label>
            </render_choice>
          </response_lid>
        </presentation>
        <resprocessing>
          <outcomes>
            <decvar maxvalue="100" minvalue="0" varname="SCORE" vartype="Decimal"/>
          </outcomes>
          <respcondition continue="Yes">
            <conditionvar>
              <varequal respident="response1">8838</varequal>
            </conditionvar>
            <displayfeedback feedbacktype="Response" linkrefid="8838_fb"/>
          </respcondition>
          <respcondition continue="Yes">
            <conditionvar>
              <varequal respident="response1">4500</varequal>
            </conditionvar>
            <displayfeedback feedbacktype="Response" linkrefid="4500_fb"/>
          </respcondition>
          <respcondition continue="Yes">
            <conditionvar>
              <varequal respident="response1">9268</varequal>
            </conditionvar>
            <displayfeedback feedbacktype="Response" linkrefid="9268_fb"/>
          </respcondition>
          <respcondition continue="Yes">
            <conditionvar>
              <varequal respident="response1">7129</varequal>
            </conditionvar>
            <displayfeedback feedbacktype="Response" linkrefid="7129_fb"/>
          </respcondition>
          <respcondition continue="No">
            <conditionvar>
              <varequal respident="response1">8838</varequal>
            </conditionvar>
            <setvar action="Set" varname="SCORE">100</setvar>
          </respcondition>
        </resprocessing>
        <itemfeedback ident="8838_fb">
          <flow_mat>
            <material>
              <mattext texttype="text/html">&lt;p&gt;Feedback for A&lt;/p&gt;</mattext>
            </material>
          </flow_mat>
        </itemfeedback>
        <itemfeedback ident="4500_fb">
          <flow_mat>
            <material>
              <mattext texttype="text/html">&lt;p&gt;Feedback for B&lt;/p&gt;</mattext>
            </material>
          </flow_mat>
        </itemfeedback>
        <itemfeedback ident="9268_fb">
          <flow_mat>
            <material>
              <mattext texttype="text/html">&lt;p&gt;Feedback for C&lt;/p&gt;</mattext>
            </material>
          </flow_mat>
        </itemfeedback>
        <itemfeedback ident="7129_fb">
          <flow_mat>
            <material>
              <mattext texttype="text/html">&lt;p&gt;Feedback for D&lt;/p&gt;</mattext>
            </material>
          </flow_mat>
        </itemfeedback>
      </item>
      <item ident="if85559e58d6bcf0e21a0fc9926f2068e" title="Multiple Correct Question">
        <itemmetadata>
          <qtimetadata>
            <qtimetadatafield>
              <fieldlabel>question_type</fieldlabel>
              <fieldentry>multiple_answers_question</fieldentry>
            </qtimetadatafield>
            <qtimetadatafield>
              <fieldlabel>points_possible</fieldlabel>
              <fieldentry>1.0</fieldentry>
            </qtimetadatafield>
            <qtimetadatafield>
              <fieldlabel>assessment_question_identifierref</fieldlabel>
              <fieldentry>i07c29c0d9eecdfe73954de53222afb4d</fieldentry>
            </qtimetadatafield>
          </qtimetadata>
        </itemmetadata>
        <presentation>
          <material>
            <mattext texttype="text/html">&lt;div&gt;&lt;p&gt;Select the warm colors&lt;/p&gt;&lt;/div&gt;</mattext>
          </material>
          <response_lid ident="response1" rcardinality="Multiple">
            <render_choice>
              <response_label ident="8858">
                <material>
                  <mattext texttype="text/plain">Red</mattext>
                </material>
              </response_label>
              <response_label ident="1902">
                <material>
                  <mattext texttype="text/plain">Orange</mattext>
                </material>
              </response_label>
              <response_label ident="1843">
                <material>
                  <mattext texttype="text/plain">Blue</mattext>
                </material>
              </response_label>
            </render_choice>
          </response_lid>
        </presentation>
        <resprocessing>
          <outcomes>
            <decvar maxvalue="100" minvalue="0" varname="SCORE" vartype="Decimal"/>
          </outcomes>
          <respcondition continue="Yes">
            <conditionvar>
              <varequal respident="response1">8858</varequal>
            </conditionvar>
            <displayfeedback feedbacktype="Response" linkrefid="8858_fb"/>
          </respcondition>
          <respcondition continue="Yes">
            <conditionvar>
              <varequal respident="response1">1902</varequal>
            </conditionvar>
            <displayfeedback feedbacktype="Response" linkrefid="1902_fb"/>
          </respcondition>
          <respcondition continue="Yes">
            <conditionvar>
              <varequal respident="response1">1843</varequal>
            </conditionvar>
            <displayfeedback feedbacktype="Response" linkrefid="1843_fb"/>
          </respcondition>
          <respcondition continue="No">
            <conditionvar>
              <and>
                <varequal respident="response1">8858</varequal>
                <varequal respident="response1">1902</varequal>
                <not>
                  <varequal respident="response1">1843</varequal>
                </not>
              </and>
            </conditionvar>
            <setvar action="Set" varname="SCORE">100</setvar>
          </respcondition>
        </resprocessing>
        <itemfeedback ident="8858_fb">
          <flow_mat>
            <material>
              <mattext texttype="text/html">&lt;p&gt;Feedback for Red&lt;/p&gt;</mattext>
            </material>
          </flow_mat>
        </itemfeedback>
        <itemfeedback ident="1902_fb">
          <flow_mat>
            <material>
              <mattext texttype="text/html">&lt;p&gt;Feedback for Orange&lt;/p&gt;</mattext>
            </material>
          </flow_mat>
        </itemfeedback>
        <itemfeedback ident="1843_fb">
          <flow_mat>
            <material>
              <mattext texttype="text/html">&lt;p&gt;Feedback for Blue&lt;/p&gt;</mattext>
            </material>
          </flow_mat>
        </itemfeedback>
      </item>
      <item ident="i7b669d52cc183d397e01b25b54ec57d9" title="True False Question">
        <itemmetadata>
          <qtimetadata>
            <qtimetadatafield>
              <fieldlabel>question_type</fieldlabel>
              <fieldentry>true_false_question</fieldentry>
            </qtimetadatafield>
            <qtimetadatafield>
              <fieldlabel>points_possible</fieldlabel>
              <fieldentry>1.0</fieldentry>
            </qtimetadatafield>
            <qtimetadatafield>
              <fieldlabel>assessment_question_identifierref</fieldlabel>
              <fieldentry>if5804caf97918d8b89876009dd495d6c</fieldentry>
            </qtimetadatafield>
          </qtimetadata>
        </itemmetadata>
        <presentation>
          <material>
            <mattext texttype="text/html">&lt;div&gt;&lt;p&gt;Indianapolis is the capital of Indiana&lt;/p&gt;&lt;/div&gt;</mattext>
          </material>
          <response_lid ident="response1" rcardinality="Single">
            <render_choice>
              <response_label ident="3727">
                <material>
                  <mattext texttype="text/plain">True</mattext>
                </material>
              </response_label>
              <response_label ident="1927">
                <material>
                  <mattext texttype="text/plain">False</mattext>
                </material>
              </response_label>
            </render_choice>
          </response_lid>
        </presentation>
        <resprocessing>
          <outcomes>
            <decvar maxvalue="100" minvalue="0" varname="SCORE" vartype="Decimal"/>
          </outcomes>
          <respcondition continue="Yes">
            <conditionvar>
              <varequal respident="response1">3727</varequal>
            </conditionvar>
            <displayfeedback feedbacktype="Response" linkrefid="3727_fb"/>
          </respcondition>
          <respcondition continue="Yes">
            <conditionvar>
              <varequal respident="response1">1927</varequal>
            </conditionvar>
            <displayfeedback feedbacktype="Response" linkrefid="1927_fb"/>
          </respcondition>
          <respcondition continue="No">
            <conditionvar>
              <varequal respident="response1">3727</varequal>
            </conditionvar>
            <setvar action="Set" varname="SCORE">100</setvar>
          </respcondition>
        </resprocessing>
        <itemfeedback ident="3727_fb">
          <flow_mat>
            <material>
              <mattext texttype="text/html">&lt;p&gt;Feedback for True&lt;/p&gt;</mattext>
            </material>
          </flow_mat>
        </itemfeedback>
        <itemfeedback ident="1927_fb">
          <flow_mat>
            <material>
              <mattext texttype="text/html">&lt;p&gt;Feedback for False&lt;/p&gt;</mattext>
            </material>
          </flow_mat>
        </itemfeedback>
      </item>
      <item ident="ifd1a7b9298ee68df2a58ba597267dad2" title="Fill in the Blank Question">
        <itemmetadata>
          <qtimetadata>
            <qtimetadatafield>
              <fieldlabel>question_type</fieldlabel>
              <fieldentry>short_answer_question</fieldentry>
            </qtimetadatafield>
            <qtimetadatafield>
              <fieldlabel>points_possible</fieldlabel>
              <fieldentry>1.0</fieldentry>
            </qtimetadatafield>
            <qtimetadatafield>
              <fieldlabel>assessment_question_identifierref</fieldlabel>
              <fieldentry>iafcb16508b4326827984cbaed00cbba6</fieldentry>
            </qtimetadatafield>
          </qtimetadata>
        </itemmetadata>
        <presentation>
          <material>
            <mattext texttype="text/html">&lt;div&gt;&lt;p&gt;A typical cheese to top a pizza with would be:&lt;/p&gt;&lt;/div&gt;</mattext>
          </material>
          <response_str ident="response1" rcardinality="Single">
            <render_fib>
              <response_label ident="answer1" rshuffle="No"/>
            </render_fib>
          </response_str>
        </presentation>
        <resprocessing>
          <outcomes>
            <decvar maxvalue="100" minvalue="0" varname="SCORE" vartype="Decimal"/>
          </outcomes>
          <respcondition continue="Yes">
            <conditionvar>
              <other/>
            </conditionvar>
            <displayfeedback feedbacktype="Response" linkrefid="general_fb"/>
          </respcondition>
          <respcondition continue="Yes">
            <conditionvar>
              <varequal respident="response1">mozzarella</varequal>
            </conditionvar>
            <displayfeedback feedbacktype="Response" linkrefid="3450_fb"/>
          </respcondition>
          <respcondition continue="Yes">
            <conditionvar>
              <varequal respident="response1">parmesan</varequal>
            </conditionvar>
            <displayfeedback feedbacktype="Response" linkrefid="3783_fb"/>
          </respcondition>
          <respcondition continue="No">
            <conditionvar>
              <varequal respident="response1">mozzarella</varequal>
              <varequal respident="response1">parmesan</varequal>
            </conditionvar>
            <setvar action="Set" varname="SCORE">100</setvar>
            <displayfeedback feedbacktype="Response" linkrefid="correct_fb"/>
          </respcondition>
          <respcondition continue="Yes">
            <conditionvar>
              <other/>
            </conditionvar>
            <displayfeedback feedbacktype="Response" linkrefid="general_incorrect_fb"/>
          </respcondition>
        </resprocessing>
        <itemfeedback ident="general_fb">
          <flow_mat>
            <material>
              <mattext texttype="text/html">&lt;p&gt;Question general feedback&lt;/p&gt;</mattext>
            </material>
          </flow_mat>
        </itemfeedback>
        <itemfeedback ident="correct_fb">
          <flow_mat>
            <material>
              <mattext texttype="text/html">&lt;p&gt;Question correct feedback&lt;/p&gt;</mattext>
            </material>
          </flow_mat>
        </itemfeedback>
        <itemfeedback ident="general_incorrect_fb">
          <flow_mat>
            <material>
              <mattext texttype="text/html">&lt;p&gt;Question incorrect feedback&lt;/p&gt;</mattext>
            </material>
          </flow_mat>
        </itemfeedback>
        <itemfeedback ident="3450_fb">
          <flow_mat>
            <material>
              <mattext texttype="text/html">&lt;p&gt;Feedback for mozzarella&lt;/p&gt;</mattext>
            </material>
          </flow_mat>
        </itemfeedback>
        <itemfeedback ident="3783_fb">
          <flow_mat>
            <material>
              <mattext texttype="text/html">&lt;p&gt;Feedback for parmesan&lt;/p&gt;</mattext>
            </material>
          </flow_mat>
        </itemfeedback>
      </item>
      <item ident="i3a1467d680598182c35d27182be780dd" title="Fill in Multiple Blanks Question">
        <itemmetadata>
          <qtimetadata>
            <qtimetadatafield>
              <fieldlabel>question_type</fieldlabel>
              <fieldentry>fill_in_multiple_blanks_question</fieldentry>
            </qtimetadatafield>
            <qtimetadatafield>
              <fieldlabel>points_possible</fieldlabel>
              <fieldentry>1.0</fieldentry>
            </qtimetadatafield>
            <qtimetadatafield>
              <fieldlabel>assessment_question_identifierref</fieldlabel>
              <fieldentry>ib91dbc15f08b99065c7bb9c2d4c13960</fieldentry>
            </qtimetadatafield>
          </qtimetadata>
        </itemmetadata>
        <presentation>
          <material>
            <mattext texttype="text/html">&lt;div&gt;&lt;p&gt;Roses are [color1], violets are [color2]&lt;/p&gt;&lt;/div&gt;</mattext>
          </material>
          <response_lid ident="response_color1">
            <material>
              <mattext>color1</mattext>
            </material>
            <render_choice>
              <response_label ident="8637">
                <material>
                  <mattext texttype="text/plain">red</mattext>
                </material>
              </response_label>
            </render_choice>
          </response_lid>
          <response_lid ident="response_color2">
            <material>
              <mattext>color2</mattext>
            </material>
            <render_choice>
              <response_label ident="539">
                <material>
                  <mattext texttype="text/plain">blue</mattext>
                </material>
              </response_label>
            </render_choice>
          </response_lid>
        </presentation>
        <resprocessing>
          <outcomes>
            <decvar maxvalue="100" minvalue="0" varname="SCORE" vartype="Decimal"/>
          </outcomes>
          <respcondition>
            <conditionvar>
              <varequal respident="response_color1">8637</varequal>
            </conditionvar>
            <setvar varname="SCORE" action="Add">50.00</setvar>
          </respcondition>
          <respcondition>
            <conditionvar>
              <varequal respident="response_color2">539</varequal>
            </conditionvar>
            <setvar varname="SCORE" action="Add">50.00</setvar>
          </respcondition>
        </resprocessing>
      </item>
      <item ident="ib420e6392a7ce624e71ac64a0c2b6eff" title="Multiple Dropdowns Question">
        <itemmetadata>
          <qtimetadata>
            <qtimetadatafield>
              <fieldlabel>question_type</fieldlabel>
              <fieldentry>multiple_dropdowns_question</fieldentry>
            </qtimetadatafield>
            <qtimetadatafield>
              <fieldlabel>points_possible</fieldlabel>
              <fieldentry>1.0</fieldentry>
            </qtimetadatafield>
            <qtimetadatafield>
              <fieldlabel>assessment_question_identifierref</fieldlabel>
              <fieldentry>i5afeda5112a586b8d8904648611aabcf</fieldentry>
            </qtimetadatafield>
          </qtimetadata>
        </itemmetadata>
        <presentation>
          <material>
            <mattext texttype="text/html">&lt;div&gt;&lt;p&gt;The sky is [color1] and the grass is [color2]&lt;/p&gt;&lt;/div&gt;</mattext>
          </material>
          <response_lid ident="response_color1">
            <material>
              <mattext>color1</mattext>
            </material>
            <render_choice>
              <response_label ident="475">
                <material>
                  <mattext texttype="text/plain">blue</mattext>
                </material>
              </response_label>
              <response_label ident="1263">
                <material>
                  <mattext texttype="text/plain">green</mattext>
                </material>
              </response_label>
            </render_choice>
          </response_lid>
          <response_lid ident="response_color2">
            <material>
              <mattext>color2</mattext>
            </material>
            <render_choice>
              <response_label ident="8064">
                <material>
                  <mattext texttype="text/plain">green</mattext>
                </material>
              </response_label>
              <response_label ident="9410">
                <material>
                  <mattext texttype="text/plain">blue</mattext>
                </material>
              </response_label>
            </render_choice>
          </response_lid>
        </presentation>
        <resprocessing>
          <outcomes>
            <decvar maxvalue="100" minvalue="0" varname="SCORE" vartype="Decimal"/>
          </outcomes>
          <respcondition continue="Yes">
            <conditionvar>
              <varequal respident="response_color1">475</varequal>
            </conditionvar>
            <displayfeedback feedbacktype="Response" linkrefid="475_fb"/>
          </respcondition>
          <respcondition continue="Yes">
            <conditionvar>
              <varequal respident="response_color1">1263</varequal>
            </conditionvar>
            <displayfeedback feedbacktype="Response" linkrefid="1263_fb"/>
          </respcondition>
          <respcondition continue="Yes">
            <conditionvar>
              <varequal respident="response_color2">8064</varequal>
            </conditionvar>
            <displayfeedback feedbacktype="Response" linkrefid="8064_fb"/>
          </respcondition>
          <respcondition continue="Yes">
            <conditionvar>
              <varequal respident="response_color2">9410</varequal>
            </conditionvar>
            <displayfeedback feedbacktype="Response" linkrefid="9410_fb"/>
          </respcondition>
          <respcondition>
            <conditionvar>
              <varequal respident="response_color1">475</varequal>
            </conditionvar>
            <setvar varname="SCORE" action="Add">50.00</setvar>
          </respcondition>
          <respcondition>
            <conditionvar>
              <varequal respident="response_color2">8064</varequal>
            </conditionvar>
            <setvar varname="SCORE" action="Add">50.00</setvar>
          </respcondition>
        </resprocessing>
        <itemfeedback ident="475_fb">
          <flow_mat>
            <material>
              <mattext texttype="text/html">&lt;p&gt;color1 correct feedback&lt;/p&gt;</mattext>
            </material>
          </flow_mat>
        </itemfeedback>
        <itemfeedback ident="1263_fb">
          <flow_mat>
            <material>
              <mattext texttype="text/html">&lt;p&gt;color1 incorrect feedback&lt;/p&gt;</mattext>
            </material>
          </flow_mat>
        </itemfeedback>
        <itemfeedback ident="8064_fb">
          <flow_mat>
            <material>
              <mattext texttype="text/html">&lt;p&gt;color2 correct feedback&lt;/p&gt;</mattext>
            </material>
          </flow_mat>
        </itemfeedback>
        <itemfeedback ident="9410_fb">
          <flow_mat>
            <material>
              <mattext texttype="text/html">&lt;p&gt;color2 incorrect feedback&lt;/p&gt;</mattext>
            </material>
          </flow_mat>
        </itemfeedback>
      </item>
      <item ident="i39c0d433abe709ecb883b24733aa1ae5" title="Matching Question">
        <itemmetadata>
          <qtimetadata>
            <qtimetadatafield>
              <fieldlabel>question_type</fieldlabel>
              <fieldentry>matching_question</fieldentry>
            </qtimetadatafield>
            <qtimetadatafield>
              <fieldlabel>points_possible</fieldlabel>
              <fieldentry>1.0</fieldentry>
            </qtimetadatafield>
            <qtimetadatafield>
              <fieldlabel>assessment_question_identifierref</fieldlabel>
              <fieldentry>i43784a72a5e0bdcdc08592bff7fccb0e</fieldentry>
            </qtimetadatafield>
          </qtimetadata>
        </itemmetadata>
        <presentation>
          <material>
            <mattext texttype="text/html">&lt;div&gt;&lt;p&gt;Match the capital to the state.&lt;/p&gt;&lt;/div&gt;</mattext>
          </material>
          <response_lid ident="response_7665">
            <material>
              <mattext texttype="text/plain">Indianapolis</mattext>
            </material>
            <render_choice>
              <response_label ident="4295">
                <material>
                  <mattext>Indiana</mattext>
                </material>
              </response_label>
              <response_label ident="8286">
                <material>
                  <mattext>Illinois</mattext>
                </material>
              </response_label>
              <response_label ident="8040">
                <material>
                  <mattext>Ohio</mattext>
                </material>
              </response_label>
            </render_choice>
          </response_lid>
          <response_lid ident="response_7914">
            <material>
              <mattext texttype="text/plain">Springfield</mattext>
            </material>
            <render_choice>
              <response_label ident="4295">
                <material>
                  <mattext>Indiana</mattext>
                </material>
              </response_label>
              <response_label ident="8286">
                <material>
                  <mattext>Illinois</mattext>
                </material>
              </response_label>
              <response_label ident="8040">
                <material>
                  <mattext>Ohio</mattext>
                </material>
              </response_label>
            </render_choice>
          </response_lid>
        </presentation>
        <resprocessing>
          <outcomes>
            <decvar maxvalue="100" minvalue="0" varname="SCORE" vartype="Decimal"/>
          </outcomes>
          <respcondition>
            <conditionvar>
              <varequal respident="response_7665">4295</varequal>
            </conditionvar>
            <setvar varname="SCORE" action="Add">50.00</setvar>
          </respcondition>
          <respcondition>
            <conditionvar>
              <not>
                <varequal respident="response_7665">4295</varequal>
              </not>
            </conditionvar>
            <displayfeedback feedbacktype="Response" linkrefid="7665_fb"/>
          </respcondition>
          <respcondition>
            <conditionvar>
              <varequal respident="response_7914">8286</varequal>
            </conditionvar>
            <setvar varname="SCORE" action="Add">50.00</setvar>
          </respcondition>
          <respcondition>
            <conditionvar>
              <not>
                <varequal respident="response_7914">8286</varequal>
              </not>
            </conditionvar>
            <displayfeedback feedbacktype="Response" linkrefid="7914_fb"/>
          </respcondition>
        </resprocessing>
        <itemfeedback ident="7665_fb">
          <flow_mat>
            <material>
              <mattext texttype="text/html">&lt;p&gt;Indianapolis incorrect feedback&lt;/p&gt;</mattext>
            </material>
          </flow_mat>
        </itemfeedback>
        <itemfeedback ident="7914_fb">
          <flow_mat>
            <material>
              <mattext texttype="text/html">&lt;p&gt;Springfield incorrect feedback&lt;/p&gt;</mattext>
            </material>
          </flow_mat>
        </itemfeedback>
      </item>
      <item ident="i3769561ef47ec7b969aaf6f091247394" title="Numeric Question">
        <itemmetadata>
          <qtimetadata>
            <qtimetadatafield>
              <fieldlabel>question_type</fieldlabel>
              <fieldentry>numerical_question</fieldentry>
            </qtimetadatafield>
            <qtimetadatafield>
              <fieldlabel>points_possible</fieldlabel>
              <fieldentry>1.0</fieldentry>
            </qtimetadatafield>
            <qtimetadatafield>
              <fieldlabel>assessment_question_identifierref</fieldlabel>
              <fieldentry>i7ebe5a99c0e91ec426d575cbaebe7d27</fieldentry>
            </qtimetadatafield>
          </qtimetadata>
        </itemmetadata>
        <presentation>
          <material>
            <mattext texttype="text/html">&lt;div&gt;
&lt;p&gt;Answer with one of the following:&lt;/p&gt;
&lt;p&gt;1 + 1 = ?&lt;/p&gt;
&lt;p&gt;2 + 2 &amp;lt; ? &amp;lt; 3 + 3&lt;/p&gt;
&lt;p&gt;10 with a margin of error of 1&lt;/p&gt;
&lt;p&gt; &lt;/p&gt;
&lt;/div&gt;</mattext>
          </material>
          <response_str ident="response1" rcardinality="Single">
            <render_fib fibtype="Decimal">
              <response_label ident="answer1"/>
            </render_fib>
          </response_str>
        </presentation>
        <resprocessing>
          <outcomes>
            <decvar maxvalue="100" minvalue="0" varname="SCORE" vartype="Decimal"/>
          </outcomes>
          <respcondition continue="No">
            <conditionvar>
              <or>
                <varequal respident="response1">2.0</varequal>
                <and>
                  <vargte respident="response1">2.0</vargte>
                  <varlte respident="response1">2.0</varlte>
                </and>
              </or>
            </conditionvar>
            <setvar action="Set" varname="SCORE">100</setvar>
            <displayfeedback feedbacktype="Response" linkrefid="3544_fb"/>
          </respcondition>
          <respcondition continue="No">
            <conditionvar>
              <vargte respident="response1">4.0</vargte>
              <varlte respident="response1">6.0</varlte>
            </conditionvar>
            <setvar action="Set" varname="SCORE">100</setvar>
          </respcondition>
          <respcondition continue="No">
            <conditionvar>
              <or>
                <varequal respident="response1">10.0</varequal>
                <and>
                  <vargte respident="response1">9.0</vargte>
                  <varlte respident="response1">11.0</varlte>
                </and>
              </or>
            </conditionvar>
            <setvar action="Set" varname="SCORE">100</setvar>
          </respcondition>
        </resprocessing>
        <itemfeedback ident="3544_fb">
          <flow_mat>
            <material>
              <mattext texttype="text/html">&lt;p&gt;Correct numerical option feedback&lt;/p&gt;</mattext>
            </material>
          </flow_mat>
        </itemfeedback>
      </item>
      <item ident="ifdd6d7cfec3c60f7f617347ed6a73c62" title="Formula Question">
        <itemmetadata>
          <qtimetadata>
            <qtimetadatafield>
              <fieldlabel>question_type</fieldlabel>
              <fieldentry>calculated_question</fieldentry>
            </qtimetadatafield>
            <qtimetadatafield>
              <fieldlabel>points_possible</fieldlabel>
              <fieldentry>1.0</fieldentry>
            </qtimetadatafield>
            <qtimetadatafield>
              <fieldlabel>assessment_question_identifierref</fieldlabel>
              <fieldentry>ib74aae3a501b5f0389412f2c57b078c7</fieldentry>
            </qtimetadatafield>
          </qtimetadata>
        </itemmetadata>
        <presentation>
          <material>
            <mattext texttype="text/html">&lt;div&gt;&lt;p&gt;What is 5 plus [x]?&lt;/p&gt;&lt;/div&gt;</mattext>
          </material>
          <response_str ident="response1" rcardinality="Single">
            <render_fib fibtype="Decimal">
              <response_label ident="answer1"/>
            </render_fib>
          </response_str>
        </presentation>
        <resprocessing>
          <outcomes>
            <decvar maxvalue="100" minvalue="0" varname="SCORE" vartype="Decimal"/>
          </outcomes>
          <respcondition title="correct">
            <conditionvar>
              <other/>
            </conditionvar>
            <setvar varname="SCORE" action="Set">100</setvar>
          </respcondition>
          <respcondition title="incorrect">
            <conditionvar>
              <not>
                <other/>
              </not>
            </conditionvar>
            <setvar varname="SCORE" action="Set">0</setvar>
          </respcondition>
        </resprocessing>
        <itemproc_extension>
          <calculated>
            <answer_tolerance>0</answer_tolerance>
            <formulas decimal_places="0">
              <formula>5+x</formula>
            </formulas>
            <vars>
              <var name="x" scale="0">
                <min>1.0</min>
                <max>10.0</max>
              </var>
            </vars>
            <var_sets>
              <var_set ident="7561">
                <var name="x">2.0</var>
                <answer>7.0</answer>
              </var_set>
              <var_set ident="223">
                <var name="x">4.0</var>
                <answer>9.0</answer>
              </var_set>
              <var_set ident="8066">
                <var name="x">5.0</var>
                <answer>10.0</answer>
              </var_set>
              <var_set ident="9099">
                <var name="x">6.0</var>
                <answer>11.0</answer>
              </var_set>
              <var_set ident="3916">
                <var name="x">9.0</var>
                <answer>14.0</answer>
              </var_set>
              <var_set ident="3135">
                <var name="x">3.0</var>
                <answer>8.0</answer>
              </var_set>
              <var_set ident="4693">
                <var name="x">5.0</var>
                <answer>10.0</answer>
              </var_set>
              <var_set ident="2773">
                <var name="x">8.0</var>
                <answer>13.0</answer>
              </var_set>
              <var_set ident="3157">
                <var name="x">3.0</var>
                <answer>8.0</answer>
              </var_set>
              <var_set ident="2565">
                <var name="x">3.0</var>
                <answer>8.0</answer>
              </var_set>
            </var_sets>
          </calculated>
        </itemproc_extension>
      </item>
      <item ident="i56cd8dc713bbc6f8a336375128fca99f" title="Essay Question">
        <itemmetadata>
          <qtimetadata>
            <qtimetadatafield>
              <fieldlabel>question_type</fieldlabel>
              <fieldentry>essay_question</fieldentry>
            </qtimetadatafield>
            <qtimetadatafield>
              <fieldlabel>points_possible</fieldlabel>
              <fieldentry>1.0</fieldentry>
            </qtimetadatafield>
            <qtimetadatafield>
              <fieldlabel>assessment_question_identifierref</fieldlabel>
              <fieldentry>i5f7bffe2bbb4deb0471ed8abcdaa85be</fieldentry>
            </qtimetadatafield>
          </qtimetadata>
        </itemmetadata>
        <presentation>
          <material>
            <mattext texttype="text/html">&lt;div&gt;&lt;p&gt;Write about stuff here.&lt;/p&gt;&lt;/div&gt;</mattext>
          </material>
          <response_str ident="response1" rcardinality="Single">
            <render_fib>
              <response_label ident="answer1" rshuffle="No"/>
            </render_fib>
          </response_str>
        </presentation>
        <resprocessing>
          <outcomes>
            <decvar maxvalue="100" minvalue="0" varname="SCORE" vartype="Decimal"/>
          </outcomes>
          <respcondition continue="No">
            <conditionvar>
              <other/>
            </conditionvar>
          </respcondition>
        </resprocessing>
      </item>
      <item ident="i025a2d2589fe72a0014e5a4cfa847ba3" title="File Upload Question">
        <itemmetadata>
          <qtimetadata>
            <qtimetadatafield>
              <fieldlabel>question_type</fieldlabel>
              <fieldentry>file_upload_question</fieldentry>
            </qtimetadatafield>
            <qtimetadatafield>
              <fieldlabel>points_possible</fieldlabel>
              <fieldentry>1.0</fieldentry>
            </qtimetadatafield>
            <qtimetadatafield>
              <fieldlabel>assessment_question_identifierref</fieldlabel>
              <fieldentry>i8b864a6eeb978c4a7284987f23ae6c31</fieldentry>
            </qtimetadatafield>
          </qtimetadata>
        </itemmetadata>
        <presentation>
          <material>
            <mattext texttype="text/html">&lt;div&gt;&lt;p&gt;Upload a file here.&lt;/p&gt;&lt;/div&gt;</mattext>
          </material>
        </presentation>
      </item>
      <item ident="ie21b6b98c8e86e9469bf597c2afc0c26" title="Plain Text (as question)">
        <itemmetadata>
          <qtimetadata>
            <qtimetadatafield>
              <fieldlabel>question_type</fieldlabel>
              <fieldentry>text_only_question</fieldentry>
            </qtimetadatafield>
            <qtimetadatafield>
              <fieldlabel>points_possible</fieldlabel>
              <fieldentry>0</fieldentry>
            </qtimetadatafield>
            <qtimetadatafield>
              <fieldlabel>assessment_question_identifierref</fieldlabel>
              <fieldentry>if47b767d37e06559ff801f2d253307ba</fieldentry>
            </qtimetadatafield>
          </qtimetadata>
        </itemmetadata>
        <presentation>
          <material>
            <mattext texttype="text/html">&lt;div&gt;&lt;p&gt;Text here, woohoo.&lt;/p&gt;&lt;/div&gt;</mattext>
          </material>
        </presentation>
      </item>
      <section ident="i08b7119221d253cc6a2e0a38c3c8b2b1" title="Question Group">
        <selection_ordering>
          <selection>
            <selection_number>1</selection_number>
            <selection_extension>
              <points_per_item>1.0</points_per_item>
            </selection_extension>
          </selection>
        </selection_ordering>
        <item ident="if221d939ca1dce22e3be99afbce9e346" title="Question Group Question - Multiple Correct with One Correct">
          <itemmetadata>
            <qtimetadata>
              <qtimetadatafield>
                <fieldlabel>question_type</fieldlabel>
                <fieldentry>multiple_answers_question</fieldentry>
              </qtimetadatafield>
              <qtimetadatafield>
                <fieldlabel>points_possible</fieldlabel>
                <fieldentry>1.0</fieldentry>
              </qtimetadatafield>
              <qtimetadatafield>
                <fieldlabel>assessment_question_identifierref</fieldlabel>
                <fieldentry>ice3409dbd41f5698de2521ae3c0471dd</fieldentry>
              </qtimetadatafield>
            </qtimetadata>
          </itemmetadata>
          <presentation>
            <material>
              <mattext texttype="text/html">&lt;div&gt;&lt;p&gt;This is a multiple choice question within a question group. The answer is A and only A.&lt;/p&gt;&lt;/div&gt;</mattext>
            </material>
            <response_lid ident="response1" rcardinality="Multiple">
              <render_choice>
                <response_label ident="1837">
                  <material>
                    <mattext texttype="text/plain">A</mattext>
                  </material>
                </response_label>
                <response_label ident="4757">
                  <material>
                    <mattext texttype="text/plain">B</mattext>
                  </material>
                </response_label>
                <response_label ident="5451">
                  <material>
                    <mattext texttype="text/plain">C</mattext>
                  </material>
                </response_label>
              </render_choice>
            </response_lid>
          </presentation>
          <resprocessing>
            <outcomes>
              <decvar maxvalue="100" minvalue="0" varname="SCORE" vartype="Decimal"/>
            </outcomes>
            <respcondition continue="No">
              <conditionvar>
                <and>
                  <varequal respident="response1">1837</varequal>
                  <not>
                    <varequal respident="response1">4757</varequal>
                  </not>
                  <not>
                    <varequal respident="response1">5451</varequal>
                  </not>
                </and>
              </conditionvar>
              <setvar action="Set" varname="SCORE">100</setvar>
            </respcondition>
          </resprocessing>
        </item>
      </section>
    </section>
  </assessment>
</questestinterop>
