<?xml version="1.0" encoding="UTF-8"?>
<manifest identifier="id45651e323838ad72b3f153adae0b2e5" xmlns="http://www.imsglobal.org/xsd/imsccv1p1/imscp_v1p1" xmlns:lom="http://ltsc.ieee.org/xsd/imsccv1p1/LOM/resource" xmlns:imsmd="http://www.imsglobal.org/xsd/imsmd_v1p2" xmlns:xsi="http://www.w3.org/2001/XMLSchema-instance" xsi:schemaLocation="http://www.imsglobal.org/xsd/imsccv1p1/imscp_v1p1 http://www.imsglobal.org/xsd/imscp_v1p1.xsd http://ltsc.ieee.org/xsd/imsccv1p1/LOM/resource http://www.imsglobal.org/profile/cc/ccv1p1/LOM/ccv1p1_lomresource_v1p0.xsd http://www.imsglobal.org/xsd/imsmd_v1p2 http://www.imsglobal.org/xsd/imsmd_v1p2p2.xsd">
  <metadata>
    <schema>IMS Content</schema>
    <schemaversion>1.1.3</schemaversion>
    <imsmd:lom>
      <imsmd:general>
        <imsmd:title>
          <imsmd:string>QTI Quiz Export for course "Matt Mallon's Practice Course"</imsmd:string>
        </imsmd:title>
      </imsmd:general>
      <imsmd:lifeCycle>
        <imsmd:contribute>
          <imsmd:date>
            <imsmd:dateTime>2017-10-24</imsmd:dateTime>
          </imsmd:date>
        </imsmd:contribute>
      </imsmd:lifeCycle>
      <imsmd:rights>
        <imsmd:copyrightAndOtherRestrictions>
          <imsmd:value>yes</imsmd:value>
        </imsmd:copyrightAndOtherRestrictions>
        <imsmd:description>
          <imsmd:string>Private (Copyrighted) - http://en.wikipedia.org/wiki/Copyright</imsmd:string>
        </imsmd:description>
      </imsmd:rights>
    </imsmd:lom>
  </metadata>
  <organizations/>
  <resources>
    <resource identifier="i7b85398035db09f5b431a8082d57e2bd" type="imsqti_xmlv1p2">
      <file href="i7b85398035db09f5b431a8082d57e2bd/i7b85398035db09f5b431a8082d57e2bd.xml"/>
      <dependency identifierref="ia0473329e7f39a3a91de767b29067e76"/>
    </resource>
    <resource identifier="ia0473329e7f39a3a91de767b29067e76" type="associatedcontent/imscc_xmlv1p1/learning-application-resource" href="i7b85398035db09f5b431a8082d57e2bd/assessment_meta.xml">
      <file href="i7b85398035db09f5b431a8082d57e2bd/assessment_meta.xml"/>
    </resource>
    <resource identifier="i1bb5ae11fe08d09d57ba65738c3d70b3" type="imsqti_xmlv1p2">
      <file href="i1bb5ae11fe08d09d57ba65738c3d70b3/i1bb5ae11fe08d09d57ba65738c3d70b3.xml"/>
      <dependency identifierref="i6301463e6aba216c6ebbf43f0698428a"/>
    </resource>
    <resource identifier="i6301463e6aba216c6ebbf43f0698428a" type="associatedcontent/imscc_xmlv1p1/learning-application-resource" href="i1bb5ae11fe08d09d57ba65738c3d70b3/assessment_meta.xml">
      <file href="i1bb5ae11fe08d09d57ba65738c3d70b3/assessment_meta.xml"/>
    </resource>
    <resource identifier="i517cab9c2dc0afede7e45c5f47a8c844" type="webcontent" href="Desert.jpg">
      <file href="Desert.jpg"/>
    </resource>
  </resources>
</manifest>
